# space_id, space_name, channel_id, channel_name, system, frequency_hz, stream_id, slot
space_id	space_name	channel_id	channel_name	system	frequency_hz	stream_id	slot
GR	地上波	T13	T13	isdb-t	473142000	-	-
GR	地上波	T14	T14	isdb-t	479142000	-	-
GR	地上波	T15	T15	isdb-t	485142000	-	-
GR	地上波	T16	T16	isdb-t	491142000	-	-
GR	地上波	T17	T17	isdb-t	497142000	-	-
GR	地上波	T18	T18	isdb-t	503142000	-	-
GR	地上波	T19	T19	isdb-t	509142000	-	-
GR	地上波	T20	T20	isdb-t	515142000	-	-
GR	地上波	T21	T21	isdb-t	521142000	-	-
GR	地上波	T22	T22	isdb-t	527142000	-	-
GR	地上波	T23	T23	isdb-t	533142000	-	-
GR	地上波	T24	T24	isdb-t	539142000	-	-
GR	地上波	T25	T25	isdb-t	545142000	-	-
GR	地上波	T26	T26	isdb-t	551142000	-	-
GR	地上波	T27	T27	isdb-t	557142000	-	-
GR	地上波	T28	T28	isdb-t	563142000	-	-
GR	地上波	T29	T29	isdb-t	569142000	-	-
GR	地上波	T30	T30	isdb-t	575142000	-	-
GR	地上波	T31	T31	isdb-t	581142000	-	-
GR	地上波	T32	T32	isdb-t	587142000	-	-
GR	地上波	T33	T33	isdb-t	593142000	-	-
GR	地上波	T34	T34	isdb-t	599142000	-	-
GR	地上波	T35	T35	isdb-t	605142000	-	-
GR	地上波	T36	T36	isdb-t	611142000	-	-
GR	地上波	T37	T37	isdb-t	617142000	-	-
GR	地上波	T38	T38	isdb-t	623142000	-	-
GR	地上波	T39	T39	isdb-t	629142000	-	-
GR	地上波	T40	T40	isdb-t	635142000	-	-
GR	地上波	T41	T41	isdb-t	641142000	-	-
GR	地上波	T42	T42	isdb-t	647142000	-	-
GR	地上波	T43	T43	isdb-t	653142000	-	-
GR	地上波	T44	T44	isdb-t	659142000	-	-
GR	地上波	T45	T45	isdb-t	665142000	-	-
GR	地上波	T46	T46	isdb-t	671142000	-	-
GR	地上波	T47	T47	isdb-t	677142000	-	-
GR	地上波	T48	T48	isdb-t	683142000	-	-
GR	地上波	T49	T49	isdb-t	689142000	-	-
GR	地上波	T50	T50	isdb-t	695142000	-	-
GR	地上波	T51	T51	isdb-t	701142000	-	-
GR	地上波	T52	T52	isdb-t	707142000	-	-
GR	地上波	T53	T53	isdb-t	713142000	-	-
GR	地上波	T54	T54	isdb-t	719142000	-	-
GR	地上波	T55	T55	isdb-t	725142000	-	-
GR	地上波	T56	T56	isdb-t	731142000	-	-
GR	地上波	T57	T57	isdb-t	737142000	-	-
GR	地上波	T58	T58	isdb-t	743142000	-	-
GR	地上波	T59	T59	isdb-t	749142000	-	-
GR	地上波	T60	T60	isdb-t	755142000	-	-
GR	地上波	T61	T61	isdb-t	761142000	-	-
GR	地上波	T62	T62	isdb-t	767142000	-	-
